filename,avg_r,avg_g,avg_b
31c5UOqokKL.jpg,248.275792,248.039512,248.08272
bgr_31c5UOqokKL.jpg,248.08272,248.039512,248.275792
enh_31c5UOqokKL.jpg,244.966072,244.622188,244.678876
gray_31c5UOqokKL.jpg,248.114912,248.114912,248.114912
31GcK11qXXL.jpg,226.5366,226.79402631578947,193.4837
bgr_31GcK11qXXL.jpg,193.4837,226.79402631578947,226.5366
enh_31GcK11qXXL.jpg,217.23013157894738,217.67543684210526,183.1130894736842
gray_31GcK11qXXL.jpg,222.91863157894736,222.91863157894736,222.91863157894736
31qx+8nMArL.jpg,244.23176694214877,242.90993719008264,241.77310330578513
bgr_31qx+8nMArL.jpg,241.77310330578513,242.90993719008264,244.23176694214877
enh_31qx+8nMArL.jpg,240.2425347107438,238.98879917355373,236.9424272727273
gray_31qx+8nMArL.jpg,243.17592066115702,243.17592066115702,243.17592066115702
411ftXBPMDL.jpg,250.305238,250.305238,250.305238
bgr_411ftXBPMDL.jpg,250.305238,250.305238,250.305238
enh_411ftXBPMDL.jpg,249.541499,249.541499,249.541499
gray_411ftXBPMDL.jpg,250.305238,250.305238,250.305238
4142wRYq4DL.jpg,187.990208,173.217708,172.064212
bgr_4142wRYq4DL.jpg,172.064212,173.217708,187.990208
enh_4142wRYq4DL.jpg,165.05952,148.282232,148.104588
gray_4142wRYq4DL.jpg,177.50082,177.50082,177.50082
415TziZ0IpS.jpg,208.408068,212.611612,219.083768
bgr_415TziZ0IpS.jpg,219.083768,212.611612,208.408068
enh_415TziZ0IpS.jpg,206.944984,214.561708,221.774676
gray_415TziZ0IpS.jpg,212.200844,212.200844,212.200844
418ah1Ws61L.jpg,241.25380933333332,242.84093066666668,242.47524355555555
bgr_418ah1Ws61L.jpg,242.47524355555555,242.84093066666668,241.25380933333332
enh_418ah1Ws61L.jpg,235.73489244444445,238.29965466666667,237.60422177777778
gray_418ah1Ws61L.jpg,242.38489022222223,242.38489022222223,242.38489022222223
4191RZ7CjBL.jpg,220.9177084548105,216.28525947521865,213.55556851311954
bgr_4191RZ7CjBL.jpg,213.55556851311954,216.28525947521865,220.9177084548105
enh_4191RZ7CjBL.jpg,204.22126530612246,199.52440233236152,197.8010670553936
gray_4191RZ7CjBL.jpg,217.35937026239068,217.35937026239068,217.35937026239068
41ABNkHK+2L.jpg,183.64552,185.235988,196.206196
bgr_41ABNkHK+2L.jpg,196.206196,185.235988,183.64552
enh_41ABNkHK+2L.jpg,172.926356,172.377664,181.426788
gray_41ABNkHK+2L.jpg,186.014112,186.014112,186.014112
41BRlyw5mjS.jpg,178.889584,185.8221,180.443584
bgr_41BRlyw5mjS.jpg,180.443584,185.8221,178.889584
enh_41BRlyw5mjS.jpg,171.477072,174.89258,170.9618
gray_41BRlyw5mjS.jpg,183.142968,183.142968,183.142968
41BTG-yiG6L.jpg,154.192572,154.868272,159.320048
bgr_41BTG-yiG6L.jpg,159.320048,154.868272,154.192572
enh_41BTG-yiG6L.jpg,137.479552,138.116436,142.758296
gray_41BTG-yiG6L.jpg,155.147764,155.147764,155.147764
bgr_310kcUKMHOL.jpg,246.71343142372115,247.654514316852,248.25087000911176
bgr_bgr_310kcUKMHOL.jpg,248.25087000911176,247.654514316852,246.71343142372115
enh_bgr_310kcUKMHOL.jpg,243.2130427015542,244.4406961669699,245.42613430525518
gray_bgr_310kcUKMHOL.jpg,247.43716223836103,247.43716223836103,247.43716223836103
bgr_311JBecauYL.jpg,251.885361,251.975836,247.011542
bgr_bgr_311JBecauYL.jpg,247.011542,251.975836,251.885361
enh_bgr_311JBecauYL.jpg,250.056802,250.213488,241.300214
gray_bgr_311JBecauYL.jpg,251.390942,251.390942,251.390942
bgr_31dpeWbzpwL.jpg,247.1801077326346,248.48974313351073,250.16086635407834
bgr_bgr_31dpeWbzpwL.jpg,250.16086635407834,248.48974313351073,247.1801077326346
enh_bgr_31dpeWbzpwL.jpg,242.15528886918506,244.24419065833408,247.1560721623763
gray_bgr_31dpeWbzpwL.jpg,248.28966440658087,248.28966440658087,248.28966440658087
bgr_31GBPN94J4L.jpg,246.6170835494995,245.92997646331787,246.07729148864746
bgr_bgr_31GBPN94J4L.jpg,246.07729148864746,245.92997646331787,246.6170835494995
enh_bgr_31GBPN94J4L.jpg,241.20123386383057,239.95743942260742,240.2197732925415
gray_bgr_31GBPN94J4L.jpg,246.11513233184814,246.11513233184814,246.11513233184814
bgr_31PSQ8vO6ML.jpg,223.41014444444446,223.34867777777777,220.95562222222222
bgr_bgr_31PSQ8vO6ML.jpg,220.95562222222222,223.34867777777777,223.41014444444446
enh_bgr_31PSQ8vO6ML.jpg,213.371,213.2211888888889,209.76978888888888
gray_bgr_31PSQ8vO6ML.jpg,223.10426666666666,223.10426666666666,223.10426666666666
bgr_31YazWY4FCL.jpg,213.60054,212.195168,204.882236
bgr_bgr_31YazWY4FCL.jpg,204.882236,212.195168,213.60054
enh_bgr_31YazWY4FCL.jpg,196.93708,203.9228,196.177736
gray_bgr_31YazWY4FCL.jpg,211.77456,211.77456,211.77456
bgr_31yizkAghlL.jpg,228.58595657348633,228.44326305389404,229.09014797210693
bgr_bgr_31yizkAghlL.jpg,229.09014797210693,228.44326305389404,228.58595657348633
enh_bgr_31yizkAghlL.jpg,215.88900184631348,215.82443141937256,215.90932083129883
gray_bgr_31yizkAghlL.jpg,228.5723009109497,228.5723009109497,228.5723009109497
bgr_41+IijyZEOL.jpg,251.69317061524333,251.53379577594123,251.2517469237833
bgr_bgr_41+IijyZEOL.jpg,251.2517469237833,251.53379577594123,251.69317061524333
enh_bgr_41+IijyZEOL.jpg,250.16342369146005,249.88287933884297,249.37887713498623
gray_bgr_41+IijyZEOL.jpg,251.54076290174473,251.54076290174473,251.54076290174473
bgr_41+ZUUFxKJL.jpg,174.35107612609863,173.64361190795898,174.10489654541016
bgr_bgr_41+ZUUFxKJL.jpg,174.10489654541016,173.64361190795898,174.35107612609863
enh_bgr_41+ZUUFxKJL.jpg,148.91144466400146,148.05946159362793,148.7031373977661
gray_bgr_41+ZUUFxKJL.jpg,173.96372413635254,173.96372413635254,173.96372413635254
bgr_410Fq9f0RmL.jpg,219.14528,218.546844,218.698096
bgr_bgr_410Fq9f0RmL.jpg,218.698096,218.546844,219.14528
enh_bgr_410Fq9f0RmL.jpg,209.307296,209.135076,209.532288
gray_bgr_410Fq9f0RmL.jpg,218.746968,218.746968,218.746968
bgr_411-eOTHH5L.jpg,221.786885,229.577493,226.56816
bgr_bgr_411-eOTHH5L.jpg,226.56816,229.577493,221.786885
enh_bgr_411-eOTHH5L.jpg,205.855071,218.390496,213.846802
gray_bgr_411-eOTHH5L.jpg,226.911827,226.911827,226.911827
bgr_411gYKKjGWL.jpg,218.85379314422607,237.91858768463135,247.04195022583008
bgr_bgr_411gYKKjGWL.jpg,247.04195022583008,237.91858768463135,218.85379314422607
enh_bgr_411gYKKjGWL.jpg,199.95033740997314,228.78753089904785,244.80249214172363
gray_bgr_411gYKKjGWL.jpg,233.26069831848145,233.26069831848145,233.26069831848145
bgr_411Q0L3qRGL.jpg,199.79085875706215,213.40722033898305,224.1427570621469
bgr_bgr_411Q0L3qRGL.jpg,224.1427570621469,213.40722033898305,199.79085875706215
enh_bgr_411Q0L3qRGL.jpg,185.67803389830507,206.27762711864406,222.98712994350282
gray_bgr_411Q0L3qRGL.jpg,210.52166101694914,210.52166101694914,210.52166101694914
bgr_412CRUiWOYL.jpg,156.20772350230413,148.01059447004607,138.7177004608295
bgr_bgr_412CRUiWOYL.jpg,138.7177004608295,148.01059447004607,156.20772350230413
enh_bgr_412CRUiWOYL.jpg,163.04833640552997,147.229732718894,132.09447004608296
gray_bgr_412CRUiWOYL.jpg,149.40393548387098,149.40393548387098,149.40393548387098
bgr_4134kp5HJFL.jpg,214.4658401084011,220.26492773261066,229.36363369467028
bgr_bgr_4134kp5HJFL.jpg,229.36363369467028,220.26492773261066,214.4658401084011
enh_bgr_4134kp5HJFL.jpg,205.82522470641374,213.58391937669376,228.42685636856368
gray_bgr_4134kp5HJFL.jpg,219.5524514453478,219.5524514453478,219.5524514453478
bgr_415b5m1mXpL.jpg,246.69232122177473,247.63641807208438,249.19355833191705
bgr_bgr_415b5m1mXpL.jpg,249.19355833191705,247.63641807208438,246.69232122177473
enh_bgr_415b5m1mXpL.jpg,243.3681341375208,244.21105276887383,246.21785489844234
gray_bgr_415b5m1mXpL.jpg,247.53150184380792,247.53150184380792,247.53150184380792
bgr_415cR9VWcOL.jpg,130.508792,133.560056,182.19048
bgr_bgr_415cR9VWcOL.jpg,182.19048,133.560056,130.508792
enh_bgr_415cR9VWcOL.jpg,129.88394,133.861804,215.317512
gray_bgr_415cR9VWcOL.jpg,138.20258,138.20258,138.20258
bgr_415ytqP3AEL.jpg,180.34584216988503,180.40342783792835,180.4688335751758
bgr_bgr_415ytqP3AEL.jpg,180.4688335751758,180.40342783792835,180.34584216988503
enh_bgr_415ytqP3AEL.jpg,169.07064516129032,169.0739457528742,169.0709465342114
gray_bgr_415ytqP3AEL.jpg,180.39551065967183,180.39551065967183,180.39551065967183
bgr_416lrh+KnkL.jpg,239.399156640625,239.581719140625,235.2604515625
bgr_bgr_416lrh+KnkL.jpg,235.2604515625,239.581719140625,239.399156640625
enh_bgr_416lrh+KnkL.jpg,230.155044140625,230.520786328125,222.723150390625
gray_bgr_416lrh+KnkL.jpg,239.068046875,239.068046875,239.068046875
bgr_417AozEH93L.jpg,235.7493,237.781113,238.805137
bgr_bgr_417AozEH93L.jpg,238.805137,237.781113,235.7493
enh_bgr_417AozEH93L.jpg,228.737031,230.487732,231.191112
gray_bgr_417AozEH93L.jpg,237.27741,237.27741,237.27741
bgr_417BqZ22llL.jpg,222.030068,226.06036,226.918876
bgr_bgr_417BqZ22llL.jpg,226.918876,226.06036,222.030068
enh_bgr_417BqZ22llL.jpg,216.274176,219.801756,224.328344
gray_bgr_417BqZ22llL.jpg,224.954348,224.954348,224.954348
bgr_417O+Pw4MaL.jpg,224.55066388612238,248.91764507848336,253.72974987570157
bgr_bgr_417O+Pw4MaL.jpg,253.72974987570157,248.91764507848336,224.55066388612238
enh_bgr_417O+Pw4MaL.jpg,218.6132284706539,246.13215417369986,253.87157555864158
gray_bgr_417O+Pw4MaL.jpg,242.18991086360526,242.18991086360526,242.18991086360526
bgr_419DtBXA--L.jpg,195.4624948024948,191.48201247401246,193.17241995841997
bgr_bgr_419DtBXA--L.jpg,193.17241995841997,191.48201247401246,195.4624948024948
enh_bgr_419DtBXA--L.jpg,184.06956756756756,178.74302702702704,180.48221621621622
gray_bgr_419DtBXA--L.jpg,192.86508523908523,192.86508523908523,192.86508523908523
bgr_419XV1WD-WL.jpg,230.9125985489722,230.9125985489722,230.9125985489722
bgr_bgr_419XV1WD-WL.jpg,230.9125985489722,230.9125985489722,230.9125985489722
enh_bgr_419XV1WD-WL.jpg,219.81589117291415,219.81589117291415,219.81589117291415
gray_bgr_419XV1WD-WL.jpg,230.9125985489722,230.9125985489722,230.9125985489722
bgr_41A7LLU44uL.jpg,243.153683,242.942415,245.081074
bgr_bgr_41A7LLU44uL.jpg,245.081074,242.942415,243.153683
enh_bgr_41A7LLU44uL.jpg,238.305256,237.659207,241.426936
gray_bgr_41A7LLU44uL.jpg,243.224625,243.224625,243.224625
bgr_41AJMRjR0JL.jpg,217.89343163538874,215.9791581769437,215.78249865951742
bgr_bgr_41AJMRjR0JL.jpg,215.78249865951742,215.9791581769437,217.89343163538874
enh_bgr_41AJMRjR0JL.jpg,209.68691152815015,206.85508310991958,207.09850402144772
gray_bgr_41AJMRjR0JL.jpg,216.45448793565683,216.45448793565683,216.45448793565683
bgr_41BQjPwL-XL.jpg,211.163192,203.779252,200.326776
bgr_bgr_41BQjPwL-XL.jpg,200.326776,203.779252,211.163192
enh_bgr_41BQjPwL-XL.jpg,200.648376,194.02192,190.837648
gray_bgr_41BQjPwL-XL.jpg,205.594704,205.594704,205.594704
bgr_bgr_311KDyOGX-L.jpg,206.37997093023256,206.17048837209302,208.82931976744186
bgr_bgr_bgr_311KDyOGX-L.jpg,208.82931976744186,206.17048837209302,206.37997093023256
enh_bgr_bgr_311KDyOGX-L.jpg,193.57275581395348,193.48770930232558,194.26341279069769
gray_bgr_bgr_311KDyOGX-L.jpg,206.51891860465116,206.51891860465116,206.51891860465116
bgr_bgr_31NrJL0ptUL.jpg,78.547024,79.925864,88.293852
bgr_bgr_bgr_31NrJL0ptUL.jpg,88.293852,79.925864,78.547024
enh_bgr_bgr_31NrJL0ptUL.jpg,77.600072,80.381068,93.1336
gray_bgr_bgr_31NrJL0ptUL.jpg,80.456052,80.456052,80.456052
bgr_bgr_31pXX4Rez+L.jpg,199.534824,197.548476,199.1392
bgr_bgr_bgr_31pXX4Rez+L.jpg,199.1392,197.548476,199.534824
enh_bgr_bgr_31pXX4Rez+L.jpg,191.048892,189.851836,190.84404
gray_bgr_bgr_31pXX4Rez+L.jpg,198.3695,198.3695,198.3695
bgr_bgr_31tXwsuJVnL.jpg,243.50740967324384,243.00224850075,242.92301704289716
bgr_bgr_bgr_31tXwsuJVnL.jpg,242.92301704289716,243.00224850075,243.50740967324384
enh_bgr_bgr_31tXwsuJVnL.jpg,236.95032440087385,236.0526296879943,235.9413483619278
gray_bgr_bgr_31tXwsuJVnL.jpg,243.16554075295335,243.16554075295335,243.16554075295335
bgr_bgr_41-pkFYnBlL.jpg,243.801292,243.962535,242.845999
bgr_bgr_bgr_41-pkFYnBlL.jpg,242.845999,243.962535,243.801292
enh_bgr_bgr_41-pkFYnBlL.jpg,243.571671,243.792079,242.290425
gray_bgr_bgr_41-pkFYnBlL.jpg,243.857636,243.857636,243.857636
bgr_bgr_41-wL9OnhxL.jpg,241.08209644444443,241.91385244444444,240.96293644444444
bgr_bgr_bgr_41-wL9OnhxL.jpg,240.96293644444444,241.91385244444444,241.08209644444443
enh_bgr_bgr_41-wL9OnhxL.jpg,235.97593555555557,234.66480444444446,233.1855711111111
gray_bgr_bgr_41-wL9OnhxL.jpg,241.54798266666666,241.54798266666666,241.54798266666666
bgr_bgr_410YLrm23nL.jpg,170.405832,170.456188,171.70986
bgr_bgr_bgr_410YLrm23nL.jpg,171.70986,170.456188,170.405832
enh_bgr_bgr_410YLrm23nL.jpg,160.013684,160.050464,160.909632
gray_bgr_bgr_410YLrm23nL.jpg,170.584648,170.584648,170.584648
bgr_bgr_414sdiZ7XBL.jpg,36.116316,33.266388,32.544068
bgr_bgr_bgr_414sdiZ7XBL.jpg,32.544068,33.266388,36.116316
enh_bgr_bgr_414sdiZ7XBL.jpg,40.88088,36.723116,35.653564
gray_bgr_bgr_414sdiZ7XBL.jpg,34.036864,34.036864,34.036864
bgr_bgr_417O+Pw4MaL.jpg,253.7214768212643,248.90265250521742,224.5182749871026
bgr_bgr_bgr_417O+Pw4MaL.jpg,224.5182749871026,248.90265250521742,253.7214768212643
enh_bgr_bgr_417O+Pw4MaL.jpg,253.4532033927628,245.16471101198408,218.2655521110472
gray_bgr_bgr_417O+Pw4MaL.jpg,247.5547540449594,247.5547540449594,247.5547540449594
bgr_bgr_419pyIax1LL.jpg,228.51376720183487,218.97814220183486,206.35370412844037
bgr_bgr_bgr_419pyIax1LL.jpg,206.35370412844037,218.97814220183486,228.51376720183487
enh_bgr_bgr_419pyIax1LL.jpg,221.7396502293578,206.97429472477063,189.17565366972477
gray_bgr_bgr_419pyIax1LL.jpg,220.3971502293578,220.3971502293578,220.3971502293578
bgr_bgr_41AbkzoyLgL.jpg,48.644972126105344,44.9150461361015,45.44198577470204
bgr_bgr_bgr_41AbkzoyLgL.jpg,45.44198577470204,44.9150461361015,48.644972126105344
enh_bgr_bgr_41AbkzoyLgL.jpg,62.11056708958093,57.37328335255671,58.23181564782776
gray_bgr_bgr_41AbkzoyLgL.jpg,46.104591503267976,46.104591503267976,46.104591503267976
bgr_bgr_41ANE5peNRL.jpg,214.878144,211.482724,212.07862
bgr_bgr_bgr_41ANE5peNRL.jpg,212.07862,211.482724,214.878144
enh_bgr_bgr_41ANE5peNRL.jpg,204.082236,195.196024,199.098072
gray_bgr_bgr_41ANE5peNRL.jpg,212.57098,212.57098,212.57098
bgr_bgr_41B4Wns4OaL.jpg,245.48546028137207,246.08618831634521,247.087140083313
bgr_bgr_bgr_41B4Wns4OaL.jpg,247.087140083313,246.08618831634521,245.48546028137207
enh_bgr_bgr_41B4Wns4OaL.jpg,239.68149948120117,240.7406301498413,242.5446081161499
gray_bgr_bgr_41B4Wns4OaL.jpg,246.03136825561523,246.03136825561523,246.03136825561523
bgr_enh_31489jH+cnL.jpg,197.051004,159.359456,159.459196
bgr_bgr_enh_31489jH+cnL.jpg,159.459196,159.359456,197.051004
enh_bgr_enh_31489jH+cnL.jpg,179.632948,159.088392,159.077944
gray_bgr_enh_31489jH+cnL.jpg,170.619428,170.619428,170.619428
bgr_enh_314p2NKHdLL.jpg,188.604516,189.38616,227.370428
bgr_bgr_enh_314p2NKHdLL.jpg,227.370428,189.38616,188.604516
enh_bgr_enh_314p2NKHdLL.jpg,186.980368,187.284284,227.860264
gray_bgr_enh_314p2NKHdLL.jpg,193.476752,193.476752,193.476752
bgr_enh_31mBPq8-wbS.jpg,244.87293,244.898943,244.809603
bgr_bgr_enh_31mBPq8-wbS.jpg,244.809603,244.898943,244.87293
enh_bgr_enh_31mBPq8-wbS.jpg,238.881413,238.930039,238.769278
gray_bgr_enh_31mBPq8-wbS.jpg,244.881222,244.881222,244.881222
bgr_enh_31P25z7akHL.jpg,179.935008,179.929468,180.668036
bgr_bgr_enh_31P25z7akHL.jpg,180.668036,179.929468,179.935008
enh_bgr_enh_31P25z7akHL.jpg,181.646836,181.649816,182.40468
gray_bgr_enh_31P25z7akHL.jpg,180.015264,180.015264,180.015264
bgr_enh_31Zyi7A4YML.jpg,164.30201770939178,190.534655247496,163.191145304108
bgr_bgr_enh_31Zyi7A4YML.jpg,163.191145304108,190.534655247496,164.30201770939178
enh_bgr_enh_31Zyi7A4YML.jpg,160.37826099579038,167.89957903904775,159.35232399477428
gray_bgr_enh_31Zyi7A4YML.jpg,179.56966177964873,179.56966177964873,179.56966177964873
bgr_enh_41-TO+XFB5S.jpg,229.47600658350828,229.85804137669876,229.93989836783035
bgr_bgr_enh_41-TO+XFB5S.jpg,229.93989836783035,229.85804137669876,229.47600658350828
enh_bgr_enh_41-TO+XFB5S.jpg,228.75183053284408,229.10094581228324,229.27729626477617
gray_bgr_enh_41-TO+XFB5S.jpg,229.75282259535783,229.75282259535783,229.75282259535783
bgr_enh_41-ZENEWPKL.jpg,237.95757434402333,239.62252728029986,242.68448812994586
bgr_bgr_enh_41-ZENEWPKL.jpg,242.68448812994586,239.62252728029986,237.95757434402333
enh_bgr_enh_41-ZENEWPKL.jpg,237.1208256559767,237.2829394418992,238.0024563098709
gray_bgr_enh_41-ZENEWPKL.jpg,239.4726703873386,239.4726703873386,239.4726703873386
bgr_enh_41-zgiJ0SfL.jpg,169.011352,168.705244,197.345896
bgr_bgr_enh_41-zgiJ0SfL.jpg,197.345896,168.705244,169.011352
enh_bgr_enh_41-zgiJ0SfL.jpg,168.18074,168.095776,191.674848
gray_bgr_enh_41-zgiJ0SfL.jpg,172.097344,172.097344,172.097344
bgr_enh_41-zjKIsLnL.jpg,221.00116685890043,221.86065455594002,222.3845905420992
bgr_bgr_enh_41-zjKIsLnL.jpg,222.3845905420992,221.86065455594002,221.00116685890043
enh_bgr_enh_41-zjKIsLnL.jpg,207.00546232218377,208.4707679738562,209.32220588235293
gray_bgr_enh_41-zjKIsLnL.jpg,221.6687187620146,221.6687187620146,221.6687187620146
bgr_enh_41-ZqvmH0ML.jpg,134.886064,117.256444,112.73138
bgr_bgr_enh_41-ZqvmH0ML.jpg,112.73138,117.256444,134.886064
enh_bgr_enh_41-ZqvmH0ML.jpg,134.616384,112.442688,112.09794
gray_bgr_enh_41-ZqvmH0ML.jpg,122.016152,122.016152,122.016152
bgr_enh_410azJOwRhL.jpg,156.584888,147.370034,145.44873
bgr_bgr_enh_410azJOwRhL.jpg,145.44873,147.370034,156.584888
enh_bgr_enh_410azJOwRhL.jpg,142.287364,130.138559,127.600131
gray_bgr_enh_410azJOwRhL.jpg,149.97591,149.97591,149.97591
bgr_enh_410HMvydQbL.jpg,228.22525027420133,223.84881851415318,222.8313973738549
bgr_bgr_enh_410HMvydQbL.jpg,222.8313973738549,223.84881851415318,228.22525027420133
enh_bgr_enh_410HMvydQbL.jpg,224.20668442446663,216.69606417558467,215.05397998604792
gray_bgr_enh_410HMvydQbL.jpg,225.04278638444472,225.04278638444472,225.04278638444472
bgr_enh_410Npa4ENhL.jpg,191.987196,186.729856,211.525016
bgr_bgr_enh_410Npa4ENhL.jpg,211.525016,186.729856,191.987196
enh_bgr_enh_410Npa4ENhL.jpg,186.699836,182.323568,209.897108
gray_bgr_enh_410Npa4ENhL.jpg,191.12792,191.12792,191.12792
bgr_enh_412zKMDVN1L.jpg,222.020532,225.281732,237.392204
bgr_bgr_enh_412zKMDVN1L.jpg,237.392204,225.281732,222.020532
enh_bgr_enh_412zKMDVN1L.jpg,220.403092,223.893636,233.066884
gray_bgr_enh_412zKMDVN1L.jpg,225.693796,225.693796,225.693796
bgr_enh_414MehewjTL.jpg,229.86872,233.464024,239.708956
bgr_bgr_enh_414MehewjTL.jpg,239.708956,233.464024,229.86872
enh_bgr_enh_414MehewjTL.jpg,222.736684,224.747184,232.484132
gray_bgr_enh_414MehewjTL.jpg,233.102144,233.102144,233.102144
bgr_enh_419jb8kClXL.jpg,240.9144997708768,240.85995552723682,242.94224206741688
bgr_bgr_enh_419jb8kClXL.jpg,242.94224206741688,240.85995552723682,240.9144997708768
enh_bgr_enh_419jb8kClXL.jpg,239.62715939917038,239.57720457769264,240.80942019405393
gray_bgr_enh_419jb8kClXL.jpg,241.112718673491,241.112718673491,241.112718673491
bgr_enh_41B3BpMWCML.jpg,222.738536,225.076616,222.446204
bgr_bgr_enh_41B3BpMWCML.jpg,222.446204,225.076616,222.738536
enh_bgr_enh_41B3BpMWCML.jpg,217.296428,221.359384,216.238564
gray_bgr_enh_41B3BpMWCML.jpg,224.08006,224.08006,224.08006
enh_21twwj6e-VL.jpg,197.1440273972603,188.41142465753424,176.05126027397262
bgr_enh_21twwj6e-VL.jpg,176.05126027397262,188.41142465753424,197.1440273972603
enh_enh_21twwj6e-VL.jpg,190.97468493150686,180.3729315068493,161.86369863013698
gray_enh_21twwj6e-VL.jpg,189.60205479452054,189.60205479452054,189.60205479452054
enh_31+B4SvByXL.jpg,201.07697859327217,197.94023241590213,193.02851987767585
bgr_enh_31+B4SvByXL.jpg,193.02851987767585,197.94023241590213,201.07697859327217
enh_enh_31+B4SvByXL.jpg,188.56309480122323,185.04741896024464,180.70615290519876
gray_enh_31+B4SvByXL.jpg,198.3217247706422,198.3217247706422,198.3217247706422
enh_31AnSDFDuuL.jpg,67.798928,68.753704,69.413424
bgr_enh_31AnSDFDuuL.jpg,69.413424,68.753704,67.798928
enh_enh_31AnSDFDuuL.jpg,60.083212,60.405576,61.082708
gray_enh_31AnSDFDuuL.jpg,68.543376,68.543376,68.543376
enh_31C8QnlC+US.jpg,244.66276792525167,244.68000446624427,244.1395059069045
bgr_enh_31C8QnlC+US.jpg,244.1395059069045,244.68000446624427,244.66276792525167
enh_enh_31C8QnlC+US.jpg,238.9011418566138,238.93187396495776,237.9574609994111
gray_enh_31C8QnlC+US.jpg,244.61099802773813,244.61099802773813,244.61099802773813
enh_31JkXky0yvL.jpg,244.34761071061848,243.97532669961365,242.4267372884486
bgr_enh_31JkXky0yvL.jpg,242.4267372884486,243.97532669961365,244.34761071061848
enh_enh_31JkXky0yvL.jpg,239.66385846939002,238.9275556864148,236.23324922460617
gray_enh_31JkXky0yvL.jpg,243.96940109731813,243.96940109731813,243.96940109731813
enh_31ro-gRIawL.jpg,225.98022933333334,225.342352,212.544896
bgr_enh_31ro-gRIawL.jpg,212.544896,225.342352,225.98022933333334
enh_enh_31ro-gRIawL.jpg,216.61314666666667,215.795536,206.37174933333333
gray_enh_31ro-gRIawL.jpg,224.07318933333335,224.07318933333335,224.07318933333335
enh_31V4WiFGYcL.jpg,241.7137050628662,241.7137050628662,241.7137050628662
bgr_enh_31V4WiFGYcL.jpg,241.7137050628662,241.7137050628662,241.7137050628662
enh_enh_31V4WiFGYcL.jpg,233.18612957000732,233.18612957000732,233.18612957000732
gray_enh_31V4WiFGYcL.jpg,241.7137050628662,241.7137050628662,241.7137050628662
enh_31zuVfkm+cL.jpg,131.27087338501292,195.8690439276486,221.1484031007752
bgr_enh_31zuVfkm+cL.jpg,221.1484031007752,195.8690439276486,131.27087338501292
enh_enh_31zuVfkm+cL.jpg,112.29549354005168,204.506496124031,218.73963824289405
gray_enh_31zuVfkm+cL.jpg,179.4748165374677,179.4748165374677,179.4748165374677
enh_41+9x+bJjnL.jpg,216.07603759398495,215.8606766917293,214.458007518797
bgr_enh_41+9x+bJjnL.jpg,214.458007518797,215.8606766917293,216.07603759398495
enh_enh_41+9x+bJjnL.jpg,210.49475187969924,210.03987969924813,208.5542030075188
gray_enh_41+9x+bJjnL.jpg,215.76542857142857,215.76542857142857,215.76542857142857
enh_41+M0ofMNWL.jpg,243.201499,243.217056,243.324357
bgr_enh_41+M0ofMNWL.jpg,243.324357,243.217056,243.201499
enh_enh_41+M0ofMNWL.jpg,241.970189,241.974849,241.997518
gray_enh_41+M0ofMNWL.jpg,243.223449,243.223449,243.223449
enh_41+PdkhCYYL.jpg,206.38458,178.475108,169.711988
bgr_enh_41+PdkhCYYL.jpg,169.711988,178.475108,206.38458
enh_enh_41+PdkhCYYL.jpg,199.87656,175.053192,167.57376
gray_enh_41+PdkhCYYL.jpg,185.81474,185.81474,185.81474
enh_41+vTV0+jNS.jpg,243.8113195495813,243.8113195495813,243.8113195495813
bgr_enh_41+vTV0+jNS.jpg,243.8113195495813,243.8113195495813,243.8113195495813
enh_enh_41+vTV0+jNS.jpg,243.2355995652699,243.2355995652699,243.2355995652699
gray_enh_41+vTV0+jNS.jpg,243.8113195495813,243.8113195495813,243.8113195495813
enh_41+ZzOsNgUL.jpg,84.604876,74.309292,49.710768
bgr_enh_41+ZzOsNgUL.jpg,49.710768,74.309292,84.604876
enh_enh_41+ZzOsNgUL.jpg,85.855132,77.697024,52.046996
gray_enh_41+ZzOsNgUL.jpg,74.578544,74.578544,74.578544
enh_41-n5SRwUIL.jpg,251.385035,250.913739,250.771075
bgr_enh_41-n5SRwUIL.jpg,250.771075,250.913739,251.385035
enh_enh_41-n5SRwUIL.jpg,249.604689,248.764563,248.516408
gray_enh_41-n5SRwUIL.jpg,251.035328,251.035328,251.035328
enh_41-SacpPb0L.jpg,202.106584,217.034141,230.694425
bgr_enh_41-SacpPb0L.jpg,230.694425,217.034141,202.106584
enh_enh_41-SacpPb0L.jpg,187.918973,203.947945,226.472551
gray_enh_41-SacpPb0L.jpg,214.13256,214.13256,214.13256
enh_410kqhlFymL.jpg,230.4859661016949,230.24641807909603,144.99733898305084
bgr_enh_410kqhlFymL.jpg,144.99733898305084,230.24641807909603,230.4859661016949
enh_enh_410kqhlFymL.jpg,227.33498305084746,227.2664011299435,139.0740451977401
gray_enh_410kqhlFymL.jpg,220.60570056497176,220.60570056497176,220.60570056497176
enh_4113PrQh6RL.jpg,237.26607266435985,236.60778738946559,235.8972750865052
bgr_enh_4113PrQh6RL.jpg,235.8972750865052,236.60778738946559,237.26607266435985
enh_enh_4113PrQh6RL.jpg,236.75832852748943,235.92816032295272,235.4873202614379
gray_enh_4113PrQh6RL.jpg,236.7229200307574,236.7229200307574,236.7229200307574
enh_411GwL20mUL.jpg,203.50179234972677,192.27998907103824,142.04168306010928
bgr_enh_411GwL20mUL.jpg,142.04168306010928,192.27998907103824,203.50179234972677
enh_enh_411GwL20mUL.jpg,199.10619672131148,190.83382513661203,133.95575956284154
gray_enh_411GwL20mUL.jpg,189.90771584699453,189.90771584699453,189.90771584699453
enh_412rcsYs-0L.jpg,117.80949783835301,126.45679423947352,119.60627403088274
bgr_enh_412rcsYs-0L.jpg,119.60627403088274,126.45679423947352,117.80949783835301
enh_enh_412rcsYs-0L.jpg,117.60301797084223,120.92564333005976,117.60715825865111
gray_enh_412rcsYs-0L.jpg,123.08992125299423,123.08992125299423,123.08992125299423
enh_4134kp5HJFL.jpg,227.83327009936767,213.13518970189702,205.65318879855465
bgr_enh_4134kp5HJFL.jpg,205.65318879855465,213.13518970189702,227.83327009936767
enh_enh_4134kp5HJFL.jpg,218.54653681120143,204.11889227642277,201.6096409214092
gray_enh_4134kp5HJFL.jpg,216.67942750677506,216.67942750677506,216.67942750677506
enh_413DAF0HtqL.jpg,209.43754954954954,209.1443063063063,210.2558018018018
bgr_enh_413DAF0HtqL.jpg,210.2558018018018,209.1443063063063,209.43754954954954
enh_enh_413DAF0HtqL.jpg,206.2423783783784,205.97642642642643,206.9506966966967
gray_enh_413DAF0HtqL.jpg,209.34897897897898,209.34897897897898,209.34897897897898
enh_413xn0TpPaL.jpg,109.6913813459268,122.3745182577163,90.68421635182999
bgr_enh_413xn0TpPaL.jpg,90.68421635182999,122.3745182577163,109.6913813459268
enh_enh_413xn0TpPaL.jpg,89.94884149940968,90.8252941052454,89.90739690504302
gray_enh_413xn0TpPaL.jpg,114.86370488277956,114.86370488277956,114.86370488277956
enh_413ZBHCHwAL.jpg,209.939888,204.515952,205.022856
bgr_enh_413ZBHCHwAL.jpg,205.022856,204.515952,209.939888
enh_enh_413ZBHCHwAL.jpg,201.960472,202.008276,202.303616
gray_enh_413ZBHCHwAL.jpg,206.193308,206.193308,206.193308
enh_414GoBCrgbL.jpg,210.89259627329193,224.32295652173914,212.8600248447205
bgr_enh_414GoBCrgbL.jpg,212.8600248447205,224.32295652173914,210.89259627329193
enh_enh_414GoBCrgbL.jpg,212.88393788819874,221.81837267080746,204.6284596273292
gray_enh_414GoBCrgbL.jpg,218.9915652173913,218.9915652173913,218.9915652173913
enh_414i8A0gn+L.jpg,240.544391,239.442625,236.65871
bgr_enh_414i8A0gn+L.jpg,236.65871,239.442625,240.544391
enh_enh_414i8A0gn+L.jpg,237.446229,235.538969,234.061475
gray_enh_414i8A0gn+L.jpg,239.455396,239.455396,239.455396
enh_415DYQAwIwL.jpg,228.058415,179.147213,177.420409
bgr_enh_415DYQAwIwL.jpg,177.420409,179.147213,228.058415
enh_enh_415DYQAwIwL.jpg,222.907401,176.635175,176.105302
gray_enh_415DYQAwIwL.jpg,193.564215,193.564215,193.564215
enh_416dQEZV6ML.jpg,130.3116846473029,179.86292946058092,224.9253858921162
bgr_enh_416dQEZV6ML.jpg,224.9253858921162,179.86292946058092,130.3116846473029
enh_enh_416dQEZV6ML.jpg,129.77177593360994,160.75272199170124,233.88459751037345
gray_enh_416dQEZV6ML.jpg,170.18696265560166,170.18696265560166,170.18696265560166
enh_4175O5Y1EwL.jpg,252.9159160172061,133.25707032428056,133.30640981889175
bgr_enh_4175O5Y1EwL.jpg,133.30640981889175,133.25707032428056,252.9159160172061
enh_enh_4175O5Y1EwL.jpg,253.52013856922906,133.09759368898906,133.1360543880256
gray_enh_4175O5Y1EwL.jpg,169.06481345534198,169.06481345534198,169.06481345534198
enh_417sLZobRML.jpg,230.544304,216.168448,214.975168
bgr_enh_417sLZobRML.jpg,214.975168,216.168448,230.544304
enh_enh_417sLZobRML.jpg,226.72632,211.538072,210.6548
gray_enh_417sLZobRML.jpg,220.330968,220.330968,220.330968
enh_417zfgGR1kL.jpg,236.287584,236.130428,237.021756
bgr_enh_417zfgGR1kL.jpg,237.021756,236.130428,236.287584
enh_enh_417zfgGR1kL.jpg,233.895708,233.740564,235.004992
gray_enh_417zfgGR1kL.jpg,236.275328,236.275328,236.275328
enh_418H7BW0hRL.jpg,245.40926,212.447892,192.688068
bgr_enh_418H7BW0hRL.jpg,192.688068,212.447892,245.40926
enh_enh_418H7BW0hRL.jpg,244.178112,204.22622,190.564592
gray_enh_418H7BW0hRL.jpg,220.0492,220.0492,220.0492
enh_419jb8kClXL.jpg,242.95089904762284,240.85114447286256,240.90655351989892
bgr_enh_419jb8kClXL.jpg,240.90655351989892,240.85114447286256,242.95089904762284
enh_enh_419jb8kClXL.jpg,240.8380282880173,239.58304448568552,239.63630345255362
gray_enh_419jb8kClXL.jpg,241.4846437755527,241.4846437755527,241.4846437755527
enh_41AjXUSUeTL.jpg,222.11856813006074,221.6408416624494,221.75293838562754
bgr_enh_41AjXUSUeTL.jpg,221.75293838562754,221.6408416624494,222.11856813006074
enh_enh_41AjXUSUeTL.jpg,221.4059558451417,220.70086032388664,220.2239862727733
gray_enh_41AjXUSUeTL.jpg,221.79480800860324,221.79480800860324,221.79480800860324
enh_41AKhmrSn0L.jpg,243.83517578471083,243.67597812767508,244.69984888529507
bgr_enh_41AKhmrSn0L.jpg,244.69984888529507,243.67597812767508,243.83517578471083
enh_enh_41AKhmrSn0L.jpg,242.21391777662976,241.94026913641252,243.57702607258997
gray_enh_41AKhmrSn0L.jpg,243.85002021517934,243.85002021517934,243.85002021517934
enh_41B3hySDIAL.jpg,232.759168,233.030072,234.199992
bgr_enh_41B3hySDIAL.jpg,234.199992,233.030072,232.759168
enh_enh_41B3hySDIAL.jpg,222.847517,223.317452,225.178017
gray_enh_41B3hySDIAL.jpg,233.042261,233.042261,233.042261
enh_41BPWbCa-uL.jpg,178.488648,140.464184,140.515476
bgr_enh_41BPWbCa-uL.jpg,140.515476,140.464184,178.488648
enh_enh_41BPWbCa-uL.jpg,178.164716,139.228896,139.272908
gray_enh_41BPWbCa-uL.jpg,151.836804,151.836804,151.836804
enh_41BRmiTQLkL.jpg,241.452655,240.934344,244.066075
bgr_enh_41BRmiTQLkL.jpg,244.066075,240.934344,241.452655
enh_enh_41BRmiTQLkL.jpg,234.782128,233.851943,239.49121
gray_enh_41BRmiTQLkL.jpg,241.480516,241.480516,241.480516
enh_bgr_21BMc5GC4iL.jpg,243.97045045045044,241.73371771771772,241.78639039039038
bgr_enh_bgr_21BMc5GC4iL.jpg,241.78639039039038,241.73371771771772,243.97045045045044
enh_enh_bgr_21BMc5GC4iL.jpg,238.46121321321323,235.40714114114115,236.02262462462463
gray_enh_bgr_21BMc5GC4iL.jpg,242.40144744744745,242.40144744744745,242.40144744744745
enh_bgr_21qcJWXFNkL.jpg,245.909748,242.471448,242.384496
bgr_enh_bgr_21qcJWXFNkL.jpg,242.384496,242.471448,245.909748
enh_enh_bgr_21qcJWXFNkL.jpg,241.933216,235.870016,235.729364
gray_enh_bgr_21qcJWXFNkL.jpg,243.515312,243.515312,243.515312
enh_bgr_3113NMTt2CL.jpg,217.27220717131473,217.90834262948206,218.2486374501992
bgr_enh_bgr_3113NMTt2CL.jpg,218.2486374501992,217.90834262948206,217.27220717131473
enh_enh_bgr_3113NMTt2CL.jpg,214.9987250996016,215.01042231075698,215.0168924302789
gray_enh_bgr_3113NMTt2CL.jpg,217.75737848605579,217.75737848605579,217.75737848605579
enh_bgr_31bIzcAhslL.jpg,239.28071308135986,239.28235721588135,239.2820110321045
bgr_enh_bgr_31bIzcAhslL.jpg,239.2820110321045,239.28235721588135,239.28071308135986
enh_enh_bgr_31bIzcAhslL.jpg,232.1563901901245,232.15775680541992,232.1572904586792
gray_enh_bgr_31bIzcAhslL.jpg,239.28180503845215,239.28180503845215,239.28180503845215
enh_bgr_31kZfej3fnL.jpg,233.35064365409409,233.19206264964473,233.25147342503465
bgr_enh_bgr_31kZfej3fnL.jpg,233.25147342503465,233.19206264964473,233.35064365409409
enh_enh_bgr_31kZfej3fnL.jpg,221.80180615736566,221.52032623762855,221.6246801116701
gray_enh_bgr_31kZfej3fnL.jpg,233.2493032735239,233.2493032735239,233.2493032735239
enh_bgr_41+M0ofMNWL.jpg,243.302268,243.194231,243.177454
bgr_enh_bgr_41+M0ofMNWL.jpg,243.177454,243.194231,243.302268
enh_enh_bgr_41+M0ofMNWL.jpg,241.969223,241.950588,241.942779
gray_enh_bgr_41+M0ofMNWL.jpg,243.22505,243.22505,243.22505
enh_bgr_410GtgNGi3L.jpg,238.17578925708418,235.66677588490072,235.37061618442155
bgr_enh_bgr_410GtgNGi3L.jpg,235.37061618442155,235.66677588490072,238.17578925708418
enh_enh_bgr_410GtgNGi3L.jpg,228.16451492406225,224.59224842105564,224.3900876207465
gray_enh_bgr_410GtgNGi3L.jpg,236.38014900043808,236.38014900043808,236.38014900043808
enh_bgr_410hxAggh9L.jpg,240.0565465874638,239.35081234736117,250.00976589734702
bgr_enh_bgr_410hxAggh9L.jpg,250.00976589734702,239.35081234736117,240.0565465874638
enh_enh_bgr_410hxAggh9L.jpg,239.14508209130642,238.38243174329983,247.73467834789503
gray_enh_bgr_410hxAggh9L.jpg,240.77636941685492,240.77636941685492,240.77636941685492
enh_bgr_412X9Aby0KL.jpg,244.52739866666667,244.52739866666667,244.52739866666667
bgr_enh_bgr_412X9Aby0KL.jpg,244.52739866666667,244.52739866666667,244.52739866666667
enh_enh_bgr_412X9Aby0KL.jpg,242.34437644444444,242.34437644444444,242.34437644444444
gray_enh_bgr_412X9Aby0KL.jpg,244.52739866666667,244.52739866666667,244.52739866666667
enh_bgr_412YoyPRhoL.jpg,202.250468,202.654632,204.329832
bgr_enh_bgr_412YoyPRhoL.jpg,204.329832,202.654632,202.250468
enh_enh_bgr_412YoyPRhoL.jpg,199.733552,199.734948,201.425924
gray_enh_bgr_412YoyPRhoL.jpg,202.72442,202.72442,202.72442
enh_bgr_413+uGf6g3L.jpg,172.7535855855856,223.21584384384386,229.81924324324325
bgr_enh_bgr_413+uGf6g3L.jpg,229.81924324324325,223.21584384384386,172.7535855855856
enh_enh_bgr_413+uGf6g3L.jpg,171.33532432432432,217.6821966966967,227.1586171171171
gray_enh_bgr_413+uGf6g3L.jpg,208.87882732732731,208.87882732732731,208.87882732732731
enh_bgr_413BHjerXiL.jpg,182.332808,236.547008,243.269568
bgr_enh_bgr_413BHjerXiL.jpg,243.269568,236.547008,182.332808
enh_enh_bgr_413BHjerXiL.jpg,179.586872,231.723912,240.618968
gray_enh_bgr_413BHjerXiL.jpg,221.101712,221.101712,221.101712
enh_bgr_415ggtR-7PS.jpg,244.5608486259382,244.02972226284442,243.73484144832793
bgr_enh_bgr_415ggtR-7PS.jpg,243.73484144832793,244.02972226284442,244.5608486259382
enh_enh_bgr_415ggtR-7PS.jpg,240.3843786189424,239.53613903062737,239.09318739649578
gray_enh_bgr_415ggtR-7PS.jpg,244.1742694923896,244.1742694923896,244.1742694923896
enh_bgr_416BaaJNj3L.jpg,238.71134088888888,238.92880577777777,239.63277911111112
bgr_enh_bgr_416BaaJNj3L.jpg,239.63277911111112,238.92880577777777,238.71134088888888
enh_enh_bgr_416BaaJNj3L.jpg,235.02112533333334,235.08766577777777,235.44300044444444
gray_enh_bgr_416BaaJNj3L.jpg,238.94370311111112,238.94370311111112,238.94370311111112
enh_bgr_417jPCOP3cL.jpg,181.87496594427245,226.0730588235294,205.79712074303404
bgr_enh_bgr_417jPCOP3cL.jpg,205.79712074303404,226.0730588235294,181.87496594427245
enh_enh_bgr_417jPCOP3cL.jpg,178.19559752321982,221.2695294117647,192.95825386996904
gray_enh_bgr_417jPCOP3cL.jpg,210.54822910216717,210.54822910216717,210.54822910216717
enh_bgr_417ZkmyMoCL.jpg,235.77694261868942,235.77694324657614,235.77692189842801
bgr_enh_bgr_417ZkmyMoCL.jpg,235.77692189842801,235.77694324657614,235.77694261868942
enh_enh_bgr_417ZkmyMoCL.jpg,234.97596638043404,234.9759701477543,234.97594000919227
gray_enh_bgr_417ZkmyMoCL.jpg,235.77694324657614,235.77694324657614,235.77694324657614
enh_bgr_4186zddS5HL.jpg,162.06638017327327,108.79445729096079,156.88606797797607
bgr_enh_bgr_4186zddS5HL.jpg,156.88606797797607,108.79445729096079,162.06638017327327
enh_enh_bgr_4186zddS5HL.jpg,150.2770116995891,96.55025493986533,141.07241110537814
gray_enh_bgr_4186zddS5HL.jpg,130.1574100225449,130.1574100225449,130.1574100225449
enh_enh_31cxCIzybSL.jpg,237.16404402515724,163.20847169811321,163.02688050314467
bgr_enh_enh_31cxCIzybSL.jpg,163.02688050314467,163.20847169811321,237.16404402515724
enh_enh_enh_31cxCIzybSL.jpg,236.53591194968553,162.4641572327044,162.2729245283019
gray_enh_enh_31cxCIzybSL.jpg,185.3075534591195,185.3075534591195,185.3075534591195
enh_enh_31ep5GRK6pL.jpg,174.84182,182.257728,193.92658
bgr_enh_enh_31ep5GRK6pL.jpg,193.92658,182.257728,174.84182
enh_enh_enh_31ep5GRK6pL.jpg,172.725896,180.700408,191.600904
gray_enh_enh_31ep5GRK6pL.jpg,181.400852,181.400852,181.400852
enh_enh_31jfZVlD1mL.jpg,223.01818,222.863075,223.229725
bgr_enh_enh_31jfZVlD1mL.jpg,223.229725,222.863075,223.01818
enh_enh_enh_31jfZVlD1mL.jpg,213.867056,213.954455,214.502541
gray_enh_enh_31jfZVlD1mL.jpg,222.954592,222.954592,222.954592
enh_enh_4110LLlsytS.jpg,214.798168,210.237588,209.96636
bgr_enh_enh_4110LLlsytS.jpg,209.96636,210.237588,214.798168
enh_enh_enh_4110LLlsytS.jpg,212.39874,208.814628,208.459528
gray_enh_enh_4110LLlsytS.jpg,211.569512,211.569512,211.569512
enh_enh_412ISMQMbnL.jpg,152.74488162994385,152.53889083862305,152.66329956054688
bgr_enh_enh_412ISMQMbnL.jpg,152.66329956054688,152.53889083862305,152.74488162994385
enh_enh_enh_412ISMQMbnL.jpg,152.6185426712036,152.53530883789062,152.5824203491211
gray_enh_enh_412ISMQMbnL.jpg,152.61448287963867,152.61448287963867,152.61448287963867
enh_enh_4139LpCqrmL.jpg,199.757456,198.747012,197.927816
bgr_enh_enh_4139LpCqrmL.jpg,197.927816,198.747012,199.757456
enh_enh_enh_4139LpCqrmL.jpg,191.0348,189.899244,189.096848
gray_enh_enh_4139LpCqrmL.jpg,198.9512,198.9512,198.9512
enh_enh_413VzdstCQL.jpg,207.83061627906977,202.96706395348838,203.61838372093024
bgr_enh_enh_413VzdstCQL.jpg,203.61838372093024,202.96706395348838,207.83061627906977
enh_enh_enh_413VzdstCQL.jpg,205.92626162790697,200.3204418604651,201.51524418604652
gray_enh_enh_413VzdstCQL.jpg,204.49742441860465,204.49742441860465,204.49742441860465
enh_enh_414Pess1O0L.jpg,234.88289151769305,234.88289151769305,234.88289151769305
bgr_enh_enh_414Pess1O0L.jpg,234.88289151769305,234.88289151769305,234.88289151769305
enh_enh_enh_414Pess1O0L.jpg,231.89813405847224,231.89813405847224,231.89813405847224
gray_enh_enh_414Pess1O0L.jpg,234.88289151769305,234.88289151769305,234.88289151769305
enh_enh_415kw5b2q9L.jpg,200.64738,162.333752,151.86808
bgr_enh_enh_415kw5b2q9L.jpg,151.86808,162.333752,200.64738
enh_enh_enh_415kw5b2q9L.jpg,191.023808,144.33606,146.317912
gray_enh_enh_415kw5b2q9L.jpg,172.614524,172.614524,172.614524
enh_enh_417giJsCxCL.jpg,232.54952,234.025956,232.41076
bgr_enh_enh_417giJsCxCL.jpg,232.41076,234.025956,232.54952
enh_enh_enh_417giJsCxCL.jpg,229.64052,230.83668,229.917564
gray_enh_enh_417giJsCxCL.jpg,233.39876,233.39876,233.39876
enh_enh_417jn5Wc8SL.jpg,195.67908266666666,159.970176,136.91026666666667
bgr_enh_enh_417jn5Wc8SL.jpg,136.91026666666667,159.970176,195.67908266666666
enh_enh_enh_417jn5Wc8SL.jpg,191.820272,152.58342933333333,134.92856533333332
gray_enh_enh_417jn5Wc8SL.jpg,168.01035733333333,168.01035733333333,168.01035733333333
enh_enh_418trWHa50L.jpg,186.409608,183.870532,180.705088
bgr_enh_enh_418trWHa50L.jpg,180.705088,183.870532,186.409608
enh_enh_enh_418trWHa50L.jpg,185.8222,182.79256,179.085832
gray_enh_enh_418trWHa50L.jpg,184.267312,184.267312,184.267312
enh_enh_41BFiz7skaL.jpg,220.049092,220.023572,219.859868
bgr_enh_enh_41BFiz7skaL.jpg,219.859868,220.023572,220.049092
enh_enh_enh_41BFiz7skaL.jpg,212.472992,212.445236,212.269912
gray_enh_enh_41BFiz7skaL.jpg,220.012572,220.012572,220.012572
